Serial Number,English,Traditional Chinese,French,Spanish,Japanese,Korean,German,Russian,Arabic,Portuguese
001,Joy,喜悅,Joie,Alegría,喜び,기쁨,Freude,Радость,فرح,Alegria
002,Wonder,驚奇,Émerveillement,Asombro,驚き,경이,Staunen,Удивление,دهشة,Admiração
003,Curiosity,好奇,Curiosité,Curiosidad,好奇心,호기심,Neugier,Любопытство,فضول,Curiosidade
004,Hope,希望,Espoir,Esperanza,希望,희망,Hoffnung,Надежда,أمل,Esperança
005,Gratitude,感恩,Gratitude,Gratitud,感謝,감사,Dankbarkeit,Благодарность,امتنان,Gratidão
006,Trust,信任,Confiance,Confianza,信頼,신뢰,Vertrauen,Доверие,ثقة,Confiança
007,Peace,平靜,Paix,Paz,平和,평화,Frieden,Мир,سلام,Paz
008,Excitement,興奮,Enthousiasme,Emoción,興奮,흥분,Begeisterung,Волнение,حماس,Entusiasmo
009,Courage,勇氣,Courage,Coraje,勇気,용기,Mut,Смелость,شجاعة,Coragem
010,Compassion,同理,Compassion,Compasión,思いやり,연민,Mitgefühl,Сострадание,تعاطف,Compaixão
011,Fear,恐懼,Peur,Miedo,恐れ,두려움,Angst,Страх,خوف,Medo
012,Doubt,懷疑,Doute,Duda,疑い,의심,Zweifel,Сомнение,شك,Dúvida
013,Anxiety,焦慮,Anxiété,Ansiedad,不安,불안,Angst,Тревога,قلق,Ansiedade
014,Anger,憤怒,Colère,Ira,怒り,분노,Wut,Гнев,غضب,Raiva
015,Loneliness,孤獨,Solitude,Soledad,孤独,외로움,Einsamkeit,Одиночество,وحدة,Solidão
016,Regret,遺憾,Regret,Arrepentimiento,後悔,후회,Bedauern,Сожаление,ندم,Arrependimento
017,Guilt,愧疚,Culpabilité,Culpa,罪悪感,죄책감,Schuld,Вина,ذنب,Culpa
018,Sorrow,悲傷,Chagrin,Pesar,悲しみ,슬픔,Kummer,Печаль,حزن,Tristeza
019,Envy,嫉妒,Envie,Envidia,嫉妬,질투,Neid,Зависть,حسد,Inveja
020,Relief,釋然,Soulagement,Alivio,安堵,안도,Erleichterung,Облегчение,ارتياح,Alívio
021,Balance,平衡,Équilibre,Equilibrio,均衡,균형,Gleichgewicht,Баланс,توازن,Equilíbrio
022,Chaos,混亂,Chaos,Caos,混沌,혼돈,Chaos,Хаос,فوضى,Caos
023,Stillness,靜止,Immobilité,Quietud,静寂,고요,Stille,Тишина,سكون,Quietude
024,Motion,流動,Mouvement,Movimiento,動き,움직임,Bewegung,Движение,حركة,Movimento
025,Growth,成長,Croissance,Crecimiento,成長,성장,Wachstum,Рост,نمو,Crescimento
026,Change,改變,Changement,Cambio,変化,변화,Veränderung,Перемена,تغيير,Mudança
027,Transition,轉變,Transition,Transición,移行,전환,Übergang,Переход,انتقال,Transição
028,Beginning,開始,Commencement,Comienzo,始まり,시작,Anfang,Начало,بداية,Começo
029,Ending,結束,Fin,Final,終わり,끝,Ende,Конец,نهاية,Fim
030,Renewal,新生,Renouveau,Renovación,再生,갱신,Erneuerung,Обновление,تجديد,Renovação
031,Healing,療癒,Guérison,Sanación,癒し,치유,Heilung,Исцеление,شفاء,Cura
032,Freedom,自由,Liberté,Libertad,自由,자유,Freiheit,Свобода,حرية,Liberdade
033,Limitation,限制,Limitation,Limitación,制限,제한,Begrenzung,Ограничение,قيد,Limitação
034,Uncertainty,未知,Incertitude,Incertidumbre,不確実性,불확실성,Unsicherheit,Неопределённость,عدم يقين,Incerteza
035,Clarity,清晰,Clarté,Claridad,明晰,명확,Klarheit,Ясность,وضوح,Clareza
036,Focus,專注,Concentration,Enfoque,集中,집중,Fokus,Фокус,تركيز,Foco
037,Flow,順流,Flux,Flujo,流れ,흐름,Fluss,Поток,تدفق,Fluxo
038,Resistance,抗拒,Résistance,Resistencia,抵抗,저항,Widerstand,Сопротивление,مقاومة,Resistência
039,Stability,穩定,Stabilité,Estabilidad,安定,안정,Stabilität,Стабильность,استقرار,Estabilidade
040,Fragility,脆弱,Fragilité,Fragilidad,脆さ,취약,Zerbrechlichkeit,Хрупкость,هشاشة,Fragilidade
041,Wisdom,智慧,Sagesse,Sabiduría,知恵,지혜,Weisheit,Мудрость,حكمة,Sabedoria
042,Truth,真實,Vérité,Verdad,真実,진실,Wahrheit,Истина,حقيقة,Verdade
043,Integrity,正直,Intégrité,Integridad,誠実,정직,Integrität,Честность,نزاهة,Integridade
044,Kindness,善意,Gentillesse,Amabilidad,優しさ,친절,Freundlichkeit,Доброта,لطف,Bondade
045,Respect,尊重,Respect,Respeto,尊敬,존경,Respekt,Уважение,احترام,Respeito
046,Responsibility,責任,Responsabilité,Responsabilidad,責任,책임,Verantwortung,Ответственность,مسؤولية,Responsabilidade
047,Patience,耐心,Patience,Paciencia,忍耐,인내,Geduld,Терпение,صبر,Paciência
048,Humility,謙遜,Humilité,Humildad,謙虚,겸손,Demut,Смирение,تواضع,Humildade
049,Generosity,慷慨,Générosité,Generosidad,寛大,관대,Großzügigkeit,Щедрость,كرم,Generosidade
050,Loyalty,忠誠,Loyauté,Lealtad,忠誠,충성,Treue,Верность,ولاء,Lealdade

051,Justice,公正,Justice,Justicia,正義,정의,Gerechtigkeit,Справедливость,عدالة,Justiça
052,Simplicity,純粹,Simplicité,Simplicidad,簡素,단순,Einfachheit,Простота,بساطة,Simplicidade
053,Creativity,創造,Créativité,Creatividad,創造性,창의성,Kreativität,Творчество,إبداع,Criatividade
054,Harmony,和諧,Harmonie,Armonía,調和,조화,Harmonie,Гармония,انسجام,Harmonia
055,Authenticity,真我,Authenticité,Autenticidad,真正,진정성,Authentizität,Подлинность,أصالة,Autenticidade
056,Purpose,使命,But,Propósito,目的,목적,Zweck,Цель,هدف,Propósito
057,Legacy,傳承,Héritage,Legado,遺産,유산,Vermächtnis,Наследие,إرث,Legado
058,Excellence,卓越,Excellence,Excelencia,卓越,탁월,Exzellenz,Превосходство,تميز,Excelência
059,Gratitude,珍惜,Gratitude,Gratitud,感謝,감사,Dankbarkeit,Благодарность,امتنان,Gratidão
060,Faith,信念,Foi,Fe,信仰,믿음,Glaube,Вера,إيمان,Fé
061,Connection,連結,Connexion,Conexión,繋がり,연결,Verbindung,Связь,اتصال,Conexão
062,Distance,距離,Distance,Distancia,距離,거리,Distanz,Расстояние,مسافة,Distância
063,Belonging,歸屬,Appartenance,Pertenencia,帰属,소속,Zugehörigkeit,Принадлежность,انتماء,Pertencimento
064,Partnership,夥伴,Partenariat,Asociación,協力,파트너십,Partnerschaft,Партнёрство,شراكة,Parceria
065,Support,支持,Soutien,Apoyo,支援,지지,Unterstützung,Поддержка,دعم,Apoio
066,Forgiveness,原諒,Pardon,Perdón,許し,용서,Vergebung,Прощение,مغفرة,Perdão
067,Acceptance,接納,Acceptation,Aceptación,受容,수용,Akzeptanz,Принятие,قبول,Aceitação
068,Conflict,衝突,Conflit,Conflicto,対立,갈등,Konflikt,Конфликт,صراع,Conflito
069,Reunion,重逢,Retrouvailles,Reencuentro,再会,재회,Wiedersehen,Воссоединение,لم شمل,Reencontro
070,Separation,分離,Séparation,Separación,別離,분리,Trennung,Разлука,انفصال,Separação
071,Commitment,承諾,Engagement,Compromiso,献身,헌신,Engagement,Обязательство,التزام,Compromisso
072,Vulnerability,坦誠,Vulnérabilité,Vulnerabilidad,脆弱性,취약성,Verletzlichkeit,Уязвимость,ضعف,Vulnerabilidade
073,Understanding,理解,Compréhension,Comprensión,理解,이해,Verständnis,Понимание,تفاهم,Compreensão
074,Communication,溝通,Communication,Comunicación,コミュニケーション,소통,Kommunikation,Общение,تواصل,Comunicação
075,Empathy,共鳴,Empathie,Empatía,共感,공감,Empathie,Эмпатия,تعاطف,Empatia
076,Discover,發現,Découvrir,Descubrir,発見する,발견하다,Entdecken,Открывать,اكتشاف,Descobrir
077,Create,創造,Créer,Crear,創る,창조하다,Erschaffen,Создавать,إبداع,Criar
078,Build,建立,Construire,Construir,築く,건설하다,Bauen,Строить,بناء,Construir
079,Release,放下,Libérer,Soltar,手放す,놓아주다,Loslassen,Отпускать,إطلاق,Soltar
080,Protect,守護,Protéger,Proteger,守る,보호하다,Schützen,Защищать,حماية,Proteger
081,Explore,探索,Explorer,Explorar,探検する,탐험하다,Erkunden,Исследовать,استكشاف,Explorar
082,Adapt,適應,S'adapter,Adaptarse,適応する,적응하다,Anpassen,Адаптироваться,تكيف,Adaptar
083,Transform,蛻變,Transformer,Transformar,変容する,변화하다,Verwandeln,Преобразовать,تحول,Transformar
084,Decide,決定,Décider,Decidir,決める,결정하다,Entscheiden,Решать,قرر,Decidir
085,Wait,等待,Attendre,Esperar,待つ,기다리다,Warten,Ждать,انتظار,Esperar
086,Persist,堅持,Persévérer,Persistir,粘り強く続ける,인내하다,Beharren,Упорствовать,مثابرة,Persistir
087,Surrender,臣服,Se rendre,Rendirse,降伏する,항복하다,Sich ergeben,Сдаваться,استسلام,Render-se
088,Learn,學習,Apprendre,Aprender,学ぶ,배우다,Lernen,Учиться,تعلم,Aprender
089,Inspire,啟發,Inspirer,Inspirar,鼓舞する,영감을 주다,Inspirieren,Вдохновлять,إلهام,Inspirar
090,Lead,引領,Mener,Liderar,導く,이끌다,Führen,Вести,قيادة,Liderar
091,Destiny,命運,Destin,Destino,運命,운명,Schicksal,Судьба,قدر,Destino
092,Opportunity,契機,Opportunité,Oportunidad,機会,기회,Gelegenheit,Возможность,فرصة,Oportunidade
093,Time,時間,Temps,Tiempo,時間,시간,Zeit,Время,وقت,Tempo
094,Memory,記憶,Mémoire,Memoria,記憶,기억,Erinnerung,Память,ذاكرة,Memória
095,Identity,自我,Identité,Identidad,アイデンティティ,정체성,Identität,Идентичность,هوية,Identidade
096,Possibility,可能,Possibilité,Posibilidad,可能性,가능성,Möglichkeit,Возможность,إمكانية,Possibilidade
097,Mystery,未知之謎,Mystère,Misterio,神秘,신비,Geheimnis,Тайна,غموض,Mistério
098,Infinity,無限,Infini,Infinito,無限,무한,Unendlichkeit,Бесконечность,لانهاية,Infinito
099,Home,歸處,Foyer,Hogar,故郷,집,Zuhause,Дом,وطن,Lar
100,Journey,旅程,Voyage,Viaje,旅,여정,Reise,Путешествие,رحلة,Jornada